Temperature,Pulse,Disease
37.62178083193154,86,Severe Tachycardia
41.65500014486941,51,Severe Heat Stress
40.12395759267984,101,Moderate Heat Stress
39.190609389379254,119,Mild Heat Stress
36.09213048309706,122,Hypothermia
36.09196164235342,47,Hypothermia
35.4065852851774,120,Severe Hypothermia
41.06323302042455,157,Moderate Heat Stress
39.20780508220246,64,Mild Heat Stress
39.95650804457232,128,Moderate Heat Stress
35.14409146007062,51,Severe Hypothermia
41.78936896513396,98,Severe Heat Stress
40.82709848560295,148,Moderate Heat Stress
36.48637377474793,65,Hypothermia
36.27277477044971,86,Hypothermia
36.28383156897404,71,Hypothermia
37.129695700716766,49,Bradycardia
38.673295021425666,55,Mild Heat Stress
38.02361513049481,65,Healthy
37.038603981386295,125,Severe Tachycardia
39.282970263056654,174,Mild Heat Stress
35.97645702456429,53,Severe Hypothermia
37.04501253974653,118,Severe Tachycardia
37.56453290305584,156,Severe Tachycardia
38.19248988951925,46,Bradycardia
40.496231729751095,176,Moderate Heat Stress
36.39771647510852,154,Hypothermia
38.59964106889528,111,Mild Heat Stress
39.146901982034294,98,Mild Heat Stress
35.325152889039984,121,Severe Hypothermia
39.25281396331007,155,Mild Heat Stress
36.19366886581104,142,Hypothermia
35.455361150896955,56,Severe Hypothermia
41.64219876077333,53,Severe Heat Stress
41.75942423152192,147,Severe Heat Stress
40.658781436815225,84,Moderate Heat Stress
37.132296384213596,137,Severe Tachycardia
35.68370479804469,170,Severe Hypothermia
39.7896311855851,76,Moderate Heat Stress
38.08106745617721,147,Severe Tachycardia
35.85426764391345,78,Severe Hypothermia
38.46623837077889,54,Possible Viral Infection
35.24071964780653,159,Severe Hypothermia
41.36524281455147,43,Moderate Heat Stress
36.81145987120012,132,Hypothermia
39.637655990477874,55,Moderate Heat Stress
37.18197753262588,147,Severe Tachycardia
38.64047614824467,165,Mild Heat Stress
38.82697195540296,94,Mild Heat Stress
36.293981188678686,73,Hypothermia
41.78709239435191,52,Severe Heat Stress
40.425929763527805,57,Moderate Heat Stress
41.57649259094932,135,Severe Heat Stress
41.263791452993544,162,Moderate Heat Stress
39.1852998516776,78,Mild Heat Stress
41.45311964516182,85,Moderate Heat Stress
35.619447514363436,68,Severe Hypothermia
36.371880036934016,101,Hypothermia
35.316591022373764,55,Severe Hypothermia
37.27731231534285,160,Severe Tachycardia
37.72074102782637,49,Bradycardia
36.89944322241727,142,Hypothermia
40.8011625640635,123,Moderate Heat Stress
37.497273286855126,172,Severe Tachycardia
36.96654156781167,104,Hypothermia
38.79887258210774,42,Mild Heat Stress
35.98646957482334,159,Severe Hypothermia
40.615378865278274,107,Moderate Heat Stress
35.5218545057584,76,Severe Hypothermia
41.90820855620362,112,Severe Heat Stress
40.4057133850766,88,Moderate Heat Stress
36.39100977073921,160,Hypothermia
35.038654819865215,127,Severe Hypothermia
40.70822999918384,179,Moderate Heat Stress
39.94800140693332,76,Moderate Heat Stress
40.103050176286914,100,Moderate Heat Stress
40.39889242680162,163,Moderate Heat Stress
35.51831256213863,78,Severe Hypothermia
37.50926009980991,102,Severe Tachycardia
35.811083416675906,85,Severe Hypothermia
41.04172398112915,127,Moderate Heat Stress
39.3630868877929,50,Mild Heat Stress
37.31628617396854,101,Severe Tachycardia
35.44490845200217,116,Severe Hypothermia
37.176876252009635,91,Severe Tachycardia
37.27628325418723,43,Bradycardia
40.10724324836645,98,Moderate Heat Stress
39.462902299486494,111,Mild Heat Stress
41.21048919803429,132,Moderate Heat Stress
38.30550447613364,102,Severe Tachycardia
35.83715972156811,93,Severe Hypothermia
39.99271351056097,156,Moderate Heat Stress
40.325495340318284,149,Moderate Heat Stress
38.928940382986475,113,Mild Heat Stress
40.39677025968193,146,Moderate Heat Stress
38.45656917455074,96,Severe Tachycardia
38.659129805673956,42,Mild Heat Stress
37.992787128509846,159,Severe Tachycardia
35.17793388720867,45,Severe Hypothermia
35.75523998895313,44,Severe Hypothermia
35.22000429980714,44,Severe Hypothermia
39.454872878846466,93,Mild Heat Stress
37.20049186753429,86,Severe Tachycardia
38.55999483815292,48,Mild Heat Stress
41.35296531748265,138,Moderate Heat Stress
36.745045604042126,59,Hypothermia
37.87268046124941,161,Severe Tachycardia
40.28885796980134,100,Moderate Heat Stress
36.601587158441355,162,Hypothermia
35.53885936880155,121,Severe Hypothermia
37.02826017039638,101,Severe Tachycardia
36.12854901077803,42,Hypothermia
41.507883566398014,52,Severe Heat Stress
40.65684265695092,159,Moderate Heat Stress
39.43382629557296,164,Mild Heat Stress
41.10022413131402,128,Moderate Heat Stress
40.6257045382938,112,Moderate Heat Stress
36.30599041220225,107,Hypothermia
41.24791298942984,140,Moderate Heat Stress
38.77539569340956,137,Mild Heat Stress
40.652081086148435,50,Moderate Heat Stress
41.272639099464456,144,Moderate Heat Stress
37.22602432480305,106,Severe Tachycardia
35.770363471693734,162,Severe Hypothermia
36.59554613779359,68,Hypothermia
37.9897545203838,176,Severe Tachycardia
40.726103361457454,115,Moderate Heat Stress
41.0251140827944,48,Moderate Heat Stress
35.04866491371833,79,Severe Hypothermia
38.57523111804296,64,Mild Heat Stress
37.92187702204145,44,Bradycardia
36.554754673295115,178,Hypothermia
35.83905757133578,163,Severe Hypothermia
37.363306199825395,77,Healthy
41.60036792738764,111,Severe Heat Stress
37.262420524145284,172,Severe Tachycardia
38.63153435220356,129,Mild Heat Stress
39.92113271226624,76,Moderate Heat Stress
37.54540721665506,99,Severe Tachycardia
41.802474579046724,67,Severe Heat Stress
41.73713106459478,120,Severe Heat Stress
36.76247607077755,153,Hypothermia
38.4807395412467,79,Healthy
37.10614816871739,84,Possible Bacterial Infection
36.99388346064227,101,Hypothermia
35.25820863148173,132,Severe Hypothermia
39.26695033785928,154,Mild Heat Stress
38.51875316260203,106,Mild Heat Stress
35.36035125874992,95,Severe Hypothermia
36.95052524965628,79,Hypothermia
41.357861201766575,137,Moderate Heat Stress
36.67693323466881,79,Hypothermia
36.01426410463856,130,Hypothermia
38.42616932194294,72,Healthy
41.899553178774205,45,Severe Heat Stress
36.694386900580504,119,Hypothermia
39.70494883184115,131,Moderate Heat Stress
40.33133730730103,136,Moderate Heat Stress
36.6634628079468,98,Hypothermia
40.09751444028302,98,Moderate Heat Stress
37.574481929034775,87,Severe Tachycardia
39.426140814155055,52,Mild Heat Stress
39.43470797532626,146,Mild Heat Stress
38.75042278852331,84,Mild Heat Stress
35.63202839038086,128,Severe Hypothermia
40.84711746912467,139,Moderate Heat Stress
37.24546045480215,46,Bradycardia
36.30562957279898,172,Hypothermia
35.28542599088335,84,Severe Hypothermia
39.136250602317695,97,Mild Heat Stress
39.742950532895975,70,Moderate Heat Stress
35.11611480249499,62,Severe Hypothermia
38.58465140809497,177,Mild Heat Stress
36.58547042638556,146,Hypothermia
39.51620953286615,78,Moderate Heat Stress
36.22056500303494,121,Hypothermia
39.83656416671726,139,Moderate Heat Stress
37.70714742410376,41,Bradycardia
41.55710992115714,116,Severe Heat Stress
35.96264660902195,51,Severe Hypothermia
37.38746445735181,78,Healthy
35.79431464868412,52,Severe Hypothermia
41.47285532794994,85,Moderate Heat Stress
41.14137547366687,152,Moderate Heat Stress
36.805591394006086,56,Hypothermia
39.619888322239255,143,Moderate Heat Stress
40.72055540140851,137,Moderate Heat Stress
38.88640568119624,127,Mild Heat Stress
38.70755404849204,148,Mild Heat Stress
36.69296603630316,109,Hypothermia
35.651719374641296,113,Severe Hypothermia
41.28051030567329,102,Moderate Heat Stress
41.30292640014331,99,Moderate Heat Stress
39.431710200912875,118,Mild Heat Stress
37.37320853734091,76,Healthy
37.44446702228863,61,Healthy
40.08168975209168,135,Moderate Heat Stress
41.27977181966804,107,Moderate Heat Stress
41.20960496985582,56,Moderate Heat Stress
40.45912882100337,51,Moderate Heat Stress
39.494221523080014,177,Mild Heat Stress
35.588979754965344,157,Severe Hypothermia
36.13140099866229,61,Hypothermia
41.289879319689554,159,Moderate Heat Stress
39.24500341761713,89,Mild Heat Stress
35.064379361316405,53,Severe Hypothermia
35.71030080006223,68,Severe Hypothermia
39.64451238375639,164,Moderate Heat Stress
35.03543108692353,46,Severe Hypothermia
36.12565635992249,68,Hypothermia
38.8411365255661,178,Mild Heat Stress
39.84326638384886,72,Moderate Heat Stress
39.56372881651821,173,Moderate Heat Stress
36.56988516622392,150,Hypothermia
39.98525454943275,118,Moderate Heat Stress
36.6607436124776,97,Hypothermia
37.27779788711487,65,Healthy
40.225439835826165,68,Moderate Heat Stress
39.5474302933305,43,Moderate Heat Stress
40.944563873459245,138,Moderate Heat Stress
39.603290246102404,78,Moderate Heat Stress
38.978160223348304,54,Mild Heat Stress
35.65572337479665,158,Severe Hypothermia
37.574010621416036,68,Healthy
36.85641657377208,114,Hypothermia
36.707927503653586,155,Hypothermia
41.81107388326712,71,Severe Heat Stress
37.751684072667324,169,Severe Tachycardia
41.24432588623979,123,Moderate Heat Stress
39.41797038198084,61,Mild Heat Stress
40.56367912479154,66,Moderate Heat Stress
38.51845965173634,120,Mild Heat Stress
39.038327192384514,165,Mild Heat Stress
38.44762385673205,131,Severe Tachycardia
36.36670091458631,60,Hypothermia
40.057164806830535,86,Moderate Heat Stress
36.96540653708599,140,Hypothermia
35.17021176502018,123,Severe Hypothermia
39.518306071350175,45,Moderate Heat Stress
36.23977475584934,170,Hypothermia
41.5832100904704,40,Severe Heat Stress
41.67750003901811,97,Severe Heat Stress
41.40405073154314,163,Moderate Heat Stress
37.59111090178811,54,Possible Viral Infection
35.108196315702074,103,Severe Hypothermia
41.49822993811408,64,Moderate Heat Stress
37.9972890382212,63,Healthy
41.76658373330569,51,Severe Heat Stress
41.74533983962477,57,Severe Heat Stress
40.97106618827152,54,Moderate Heat Stress
37.0611422444871,66,Healthy
37.69568410021348,111,Severe Tachycardia
40.957956700618,99,Moderate Heat Stress
37.218454036093945,132,Severe Tachycardia
36.18644922680265,92,Hypothermia
38.89760883720845,47,Mild Heat Stress
41.553083419125464,118,Severe Heat Stress
39.87220857672481,66,Moderate Heat Stress
38.99042819062556,89,Mild Heat Stress
35.68023545639538,170,Severe Hypothermia
39.30505058689419,132,Mild Heat Stress
41.930376950729844,63,Severe Heat Stress
35.98058810665567,99,Severe Hypothermia
38.628307566546155,161,Mild Heat Stress
41.14161150349569,170,Moderate Heat Stress
40.18538032427943,85,Moderate Heat Stress
39.87911018696688,54,Moderate Heat Stress
39.91738858790976,56,Moderate Heat Stress
37.516438058538284,165,Severe Tachycardia
37.055142909851455,123,Severe Tachycardia
40.665528088349596,48,Moderate Heat Stress
40.670793762754265,102,Moderate Heat Stress
41.069506230060725,156,Moderate Heat Stress
41.3926838678953,169,Moderate Heat Stress
38.579396792026564,127,Mild Heat Stress
38.5106140628104,111,Mild Heat Stress
40.588066252767426,178,Moderate Heat Stress
39.54974751544435,103,Moderate Heat Stress
39.913768140803924,111,Moderate Heat Stress
40.57054868605271,60,Moderate Heat Stress
41.23003739272296,57,Moderate Heat Stress
37.36596609796075,103,Severe Tachycardia
37.62908066847961,121,Severe Tachycardia
35.65787357888608,149,Severe Hypothermia
39.047960986973216,134,Mild Heat Stress
35.251595916577195,71,Severe Hypothermia
38.25918612692722,50,Possible Bacterial Infection
38.79851244295304,84,Mild Heat Stress
37.00578876489799,72,Healthy
39.13583282398307,141,Mild Heat Stress
35.213501749573346,175,Severe Hypothermia
35.2614373212445,50,Severe Hypothermia
40.758203924617604,127,Moderate Heat Stress
37.52133448987884,80,Healthy
35.88942358856319,115,Severe Hypothermia
38.65570282038363,160,Mild Heat Stress
40.38995487169028,85,Moderate Heat Stress
36.5107471924779,119,Hypothermia
39.360233330733,93,Mild Heat Stress
35.597432254956374,125,Severe Hypothermia
35.361772048180256,131,Severe Hypothermia
38.71948242097704,136,Mild Heat Stress
38.784445851270746,41,Mild Heat Stress
39.462009310487446,72,Mild Heat Stress
40.082639336058634,116,Moderate Heat Stress
41.830964556237745,155,Severe Heat Stress
38.61410243810837,142,Mild Heat Stress
37.26069531058872,142,Severe Tachycardia
40.566303363380925,129,Moderate Heat Stress
36.89582575883452,161,Hypothermia
38.072799944939455,145,Severe Tachycardia
35.54919466939586,158,Severe Hypothermia
35.1774552039082,88,Severe Hypothermia
41.738538902745475,143,Severe Heat Stress
40.85186084358544,100,Moderate Heat Stress
39.871819442655884,162,Moderate Heat Stress
37.86267061089989,173,Severe Tachycardia
36.21306024049592,48,Hypothermia
36.0950592986976,45,Hypothermia
36.75170028715217,112,Hypothermia
38.844586652942844,142,Mild Heat Stress
40.002171458900435,80,Moderate Heat Stress
39.62138163702412,153,Moderate Heat Stress
36.9595372786216,47,Hypothermia
41.68405696464236,111,Severe Heat Stress
40.16527841687038,131,Moderate Heat Stress
38.880478367579805,101,Mild Heat Stress
39.282045223640466,123,Mild Heat Stress
37.93720043699453,101,Severe Tachycardia
36.7341169265081,150,Hypothermia
37.49180875055883,166,Severe Tachycardia
40.30492277325058,46,Moderate Heat Stress
35.10075442040829,123,Severe Hypothermia
35.81250848354841,171,Severe Hypothermia
35.32201849415227,173,Severe Hypothermia
35.285101616232794,97,Severe Hypothermia
40.98822408807705,61,Moderate Heat Stress
39.92560501566017,166,Moderate Heat Stress
38.319216803611276,42,Bradycardia
35.68483912455701,166,Severe Hypothermia
38.441311125817826,80,Healthy
38.31430239546396,145,Severe Tachycardia
36.21241308937011,53,Hypothermia
38.036961544665814,51,Possible Bacterial Infection
37.789533140781614,126,Severe Tachycardia
39.310950686365516,51,Mild Heat Stress
39.445655556073504,64,Mild Heat Stress
35.31712806840431,84,Severe Hypothermia
37.6222883023853,161,Severe Tachycardia
39.38101940999965,94,Mild Heat Stress
38.521953810060616,139,Mild Heat Stress
40.99542888831826,175,Moderate Heat Stress
39.610855421332616,158,Moderate Heat Stress
36.140540989570006,92,Hypothermia
35.49398123180301,71,Severe Hypothermia
39.49693494744421,90,Mild Heat Stress
35.18557917379135,83,Severe Hypothermia
39.100429068914245,121,Mild Heat Stress
41.5816116899747,76,Severe Heat Stress
39.02831924513115,135,Mild Heat Stress
37.71718948344565,95,Severe Tachycardia
39.503017529096475,144,Moderate Heat Stress
38.20777023344061,98,Severe Tachycardia
38.819317525211545,170,Mild Heat Stress
41.590253661435675,74,Severe Heat Stress
37.70271846460542,132,Severe Tachycardia
41.7283339467674,136,Severe Heat Stress
41.33745449369245,174,Moderate Heat Stress
36.37053794352507,115,Hypothermia
35.48552910612616,88,Severe Hypothermia
35.70544600964199,133,Severe Hypothermia
35.12755277956085,63,Severe Hypothermia
35.6611007252915,76,Severe Hypothermia
39.7810474139145,43,Moderate Heat Stress
35.4983205392216,147,Severe Hypothermia
37.23282941205633,165,Severe Tachycardia
40.91412717678618,59,Moderate Heat Stress
35.16290355015078,89,Severe Hypothermia
40.70127937812255,135,Moderate Heat Stress
36.9729834234138,144,Hypothermia
35.82715379335159,156,Severe Hypothermia
39.877160157549056,137,Moderate Heat Stress
39.402599927459185,105,Mild Heat Stress
41.14230409468937,118,Moderate Heat Stress
40.1454973066272,45,Moderate Heat Stress
40.62436651269394,78,Moderate Heat Stress
36.974242007999145,154,Hypothermia
36.24207680645806,164,Hypothermia
40.25430326148601,51,Moderate Heat Stress
40.64784317487085,170,Moderate Heat Stress
41.933535994004714,57,Severe Heat Stress
37.88832373837999,79,Healthy
37.604126600549485,60,Healthy
40.43489072519398,138,Moderate Heat Stress
37.38562478177113,65,Healthy
41.51530127922496,47,Severe Heat Stress
41.00888926290108,139,Moderate Heat Stress
38.002958191625126,126,Severe Tachycardia
40.25609747454048,81,Moderate Heat Stress
40.28180011859278,53,Moderate Heat Stress
35.72186708185153,117,Severe Hypothermia
41.31787034675697,41,Moderate Heat Stress
38.536766607135,158,Mild Heat Stress
40.78520226275419,76,Moderate Heat Stress
37.240347207214285,108,Severe Tachycardia
41.2686625994734,80,Moderate Heat Stress
37.724411751139144,101,Severe Tachycardia
35.07586356036209,99,Severe Hypothermia
41.33767383493485,164,Moderate Heat Stress
35.63900673750293,150,Severe Hypothermia
37.235195463132904,53,Possible Viral Infection
41.65043376935564,123,Severe Heat Stress
41.65425002856289,169,Severe Heat Stress
39.014065216863,109,Mild Heat Stress
39.42286048518859,162,Mild Heat Stress
38.139118653848236,128,Severe Tachycardia
37.052475401886454,67,Healthy
37.30065181758941,105,Severe Tachycardia
39.70762919253927,44,Moderate Heat Stress
40.26662170606376,84,Moderate Heat Stress
40.54105330608094,86,Moderate Heat Stress
40.52732699956188,70,Moderate Heat Stress
35.63844272134083,178,Severe Hypothermia
38.46094213291807,49,Bradycardia
35.40291132011651,157,Severe Hypothermia
38.84670217626615,53,Mild Heat Stress
38.090713509613636,119,Severe Tachycardia
41.2139292793081,132,Moderate Heat Stress
37.45640508786455,49,Bradycardia
35.81946911499324,115,Severe Hypothermia
36.00094177436985,133,Hypothermia
40.33057442202231,144,Moderate Heat Stress
39.32752644321383,40,Mild Heat Stress
35.707858732859535,172,Severe Hypothermia
35.58874764280498,59,Severe Hypothermia
39.90678392021384,47,Moderate Heat Stress
35.50934104454935,40,Severe Hypothermia
40.753020415032495,96,Moderate Heat Stress
39.94369559009547,103,Moderate Heat Stress
35.569441464493295,157,Severe Hypothermia
35.59386399859634,67,Severe Hypothermia
41.906477049508226,160,Severe Heat Stress
37.61989557029284,146,Severe Tachycardia
37.594495029468234,88,Severe Tachycardia
40.68959697080252,159,Moderate Heat Stress
41.63074004168701,83,Severe Heat Stress
41.902007446760095,95,Severe Heat Stress
40.27364729681259,150,Moderate Heat Stress
37.63381709871641,173,Severe Tachycardia
35.58450501689068,147,Severe Hypothermia
40.44002841149206,153,Moderate Heat Stress
38.90882974815064,117,Mild Heat Stress
37.96955406472883,169,Severe Tachycardia
41.34448069566315,76,Moderate Heat Stress
35.77838237614306,59,Severe Hypothermia
38.44837573003601,65,Healthy
35.07947551337193,68,Severe Hypothermia
38.28062449395888,40,Bradycardia
35.39412292977286,158,Severe Hypothermia
35.831725413876505,74,Severe Hypothermia
35.82268372743973,98,Severe Hypothermia
39.54447211481244,108,Moderate Heat Stress
40.22231415485796,51,Moderate Heat Stress
39.08358135568012,59,Mild Heat Stress
41.735207839321795,82,Severe Heat Stress
37.624094056665925,165,Severe Tachycardia
36.999984603973026,89,Hypothermia
41.080193897326225,68,Moderate Heat Stress
36.56517086963617,78,Hypothermia
41.74255777608428,77,Severe Heat Stress
35.085081322828714,123,Severe Hypothermia
41.789151786953475,167,Severe Heat Stress
35.30211938365403,165,Severe Hypothermia
41.2380017958865,84,Moderate Heat Stress
38.6939077636041,91,Mild Heat Stress
41.950753572835104,119,Severe Heat Stress
35.51657595314779,163,Severe Hypothermia
38.87697999080925,158,Mild Heat Stress
41.78511774933369,47,Severe Heat Stress
38.66168490919104,124,Mild Heat Stress
39.40579046694684,168,Mild Heat Stress
39.87024082289232,47,Moderate Heat Stress
38.18178745337441,135,Severe Tachycardia
39.39290656058844,141,Mild Heat Stress
39.090200183461704,44,Mild Heat Stress
41.308106073436925,125,Moderate Heat Stress
35.318124662390204,73,Severe Hypothermia
36.96674232714561,94,Hypothermia
41.65288038853591,158,Severe Heat Stress
41.23184648723641,153,Moderate Heat Stress
38.18959726949999,65,Healthy
39.34092818461076,175,Mild Heat Stress
36.94166828086793,86,Hypothermia
36.31684811806633,152,Hypothermia
38.24588883457987,115,Severe Tachycardia
37.47346559618237,111,Severe Tachycardia
39.085592782956105,128,Mild Heat Stress
35.54414245875489,85,Severe Hypothermia
41.820763653663164,72,Severe Heat Stress
41.90347521135722,40,Severe Heat Stress
39.887131998138216,70,Moderate Heat Stress
38.75267456440884,92,Mild Heat Stress
37.16669331400429,87,Severe Tachycardia
40.69656513794864,108,Moderate Heat Stress
39.79311820787716,144,Moderate Heat Stress
36.13831857541424,129,Hypothermia
41.376490291456896,102,Moderate Heat Stress
40.757760700462185,112,Moderate Heat Stress
41.64859939304347,128,Severe Heat Stress
40.08003655871852,52,Moderate Heat Stress
39.29390637155053,112,Mild Heat Stress
37.92770125403433,116,Severe Tachycardia
41.52909938347809,107,Severe Heat Stress
41.06244722650286,137,Moderate Heat Stress
35.31653069074333,164,Severe Hypothermia
35.18456882148077,141,Severe Hypothermia
37.63524356814635,171,Severe Tachycardia
40.67387331547283,141,Moderate Heat Stress
41.91093290520461,58,Severe Heat Stress
36.0529182377247,121,Hypothermia
39.15891500746495,62,Mild Heat Stress
37.66623599641715,122,Severe Tachycardia
41.789400784702224,148,Severe Heat Stress
40.89483246194996,114,Moderate Heat Stress
40.86830093297797,168,Moderate Heat Stress
38.280852118564795,127,Severe Tachycardia
37.90373651636366,93,Severe Tachycardia
36.913849503514946,128,Hypothermia
35.39462847655649,104,Severe Hypothermia
41.053056633785374,115,Moderate Heat Stress
40.690307063910545,99,Moderate Heat Stress
41.998023713002915,132,Severe Heat Stress
41.97645785951734,88,Severe Heat Stress
38.88802193921839,74,Mild Heat Stress
40.38291190626357,141,Moderate Heat Stress
41.613360109176995,50,Severe Heat Stress
40.94753173474188,138,Moderate Heat Stress
36.73143671220238,149,Hypothermia
38.15380894717065,113,Severe Tachycardia
35.90411590606047,48,Severe Hypothermia
41.678357190811056,42,Severe Heat Stress
39.24322244115616,124,Mild Heat Stress
36.60049963852424,65,Hypothermia
39.701904790841,111,Moderate Heat Stress
39.326897683205274,87,Mild Heat Stress
37.507139026229886,156,Severe Tachycardia
35.794903145397406,51,Severe Hypothermia
39.701012369149595,172,Moderate Heat Stress
38.642153906326556,87,Mild Heat Stress
40.40622874214947,76,Moderate Heat Stress
38.641144507783956,83,Mild Heat Stress
40.96527050222978,54,Moderate Heat Stress
38.8633478714214,82,Mild Heat Stress
38.9265658007477,126,Mild Heat Stress
41.136575218608414,109,Moderate Heat Stress
37.82438006348678,85,Possible Bacterial Infection
35.93810659915449,147,Severe Hypothermia
35.20147873419337,162,Severe Hypothermia
40.28596078971533,60,Moderate Heat Stress
39.342166859474254,146,Mild Heat Stress
39.92855837669457,119,Moderate Heat Stress
36.49074913056238,86,Hypothermia
35.954600329107386,156,Severe Hypothermia
35.101812659675176,163,Severe Hypothermia
37.45411291164618,64,Healthy
39.129423807982434,75,Mild Heat Stress
37.745708315698124,90,Severe Tachycardia
38.0623244541661,54,Possible Bacterial Infection
41.329110861456236,107,Moderate Heat Stress
37.4377882691631,60,Healthy
38.597926424118675,58,Mild Heat Stress
40.485571089188,73,Moderate Heat Stress
37.77579947624889,117,Severe Tachycardia
39.35460690159511,164,Mild Heat Stress
41.03654596122722,156,Moderate Heat Stress
41.64664436560349,91,Severe Heat Stress
36.029514366503264,66,Hypothermia
41.48611337613046,74,Moderate Heat Stress
38.44481405155677,175,Severe Tachycardia
36.80771071809271,145,Hypothermia
38.21395029366783,41,Bradycardia
41.86022802699834,116,Severe Heat Stress
38.44832665795009,171,Severe Tachycardia
37.30126127201256,129,Severe Tachycardia
39.43380598021708,128,Mild Heat Stress
36.68101933144735,133,Hypothermia
35.53104329676065,46,Severe Hypothermia
35.90215805337454,134,Severe Hypothermia
35.89632087270441,147,Severe Hypothermia
36.06331885458606,113,Hypothermia
35.97179020854587,78,Severe Hypothermia
39.486123213622506,110,Mild Heat Stress
36.273160590794014,95,Hypothermia
37.41967098326704,81,Possible Bacterial Infection
41.27751886934208,75,Moderate Heat Stress
38.317731481840106,123,Severe Tachycardia
39.67290416964719,157,Moderate Heat Stress
36.20623909841141,46,Hypothermia
36.346023131660694,93,Hypothermia
35.286080313865355,168,Severe Hypothermia
36.182545441505155,159,Hypothermia
36.95013237322371,145,Hypothermia
36.239073389937225,86,Hypothermia
35.62091773629939,162,Severe Hypothermia
35.84445109770421,158,Severe Hypothermia
38.22545137622908,157,Severe Tachycardia
36.444336028840546,60,Hypothermia
37.549889027336526,176,Severe Tachycardia
38.523920895984,65,Mild Heat Stress
39.83276380040556,48,Moderate Heat Stress
35.275184978887694,54,Severe Hypothermia
40.595872792363295,49,Moderate Heat Stress
39.395302726436356,161,Mild Heat Stress
35.572313223642105,160,Severe Hypothermia
41.11505036874744,164,Moderate Heat Stress
41.44610680372269,111,Moderate Heat Stress
35.42754571898405,88,Severe Hypothermia
36.93814353703043,130,Hypothermia
40.64340895855143,76,Moderate Heat Stress
40.23781783268561,107,Moderate Heat Stress
36.29164713549464,89,Hypothermia
36.46544526335697,58,Hypothermia
37.593304719539674,139,Severe Tachycardia
38.39166089633715,99,Severe Tachycardia
39.32778340071207,128,Mild Heat Stress
37.58239547698841,108,Severe Tachycardia
38.237743012932036,88,Severe Tachycardia
40.2322965669363,147,Moderate Heat Stress
35.25678242023419,158,Severe Hypothermia
36.76705861040814,76,Hypothermia
39.99344710119187,50,Moderate Heat Stress
41.2664478638104,177,Moderate Heat Stress
38.58174209480966,117,Mild Heat Stress
38.724794396857206,116,Mild Heat Stress
35.750204079378435,41,Severe Hypothermia
38.131886567764184,103,Severe Tachycardia
38.72832086518516,74,Mild Heat Stress
36.69729352544311,46,Hypothermia
36.88470261664567,124,Hypothermia
37.64098914173236,106,Severe Tachycardia
35.140498384444086,81,Severe Hypothermia
37.25455415908225,157,Severe Tachycardia
36.480136048975815,164,Hypothermia
37.2924814652454,63,Healthy
35.83833492273476,85,Severe Hypothermia
41.233690965179264,58,Moderate Heat Stress
39.15514717487834,107,Mild Heat Stress
39.75371623401143,141,Moderate Heat Stress
40.524198670251366,81,Moderate Heat Stress
38.4890953925034,71,Healthy
35.60844201661197,148,Severe Hypothermia
38.75974579272983,75,Mild Heat Stress
39.107887826146154,136,Mild Heat Stress
40.21807631929031,170,Moderate Heat Stress
38.02161682360776,112,Severe Tachycardia
35.893062119568945,175,Severe Hypothermia
36.98643134059107,136,Hypothermia
37.54157607479045,162,Severe Tachycardia
39.52142068932121,109,Moderate Heat Stress
38.995448132682384,52,Mild Heat Stress
37.492677081284924,88,Severe Tachycardia
41.905606741550855,99,Severe Heat Stress
39.24042373549821,169,Mild Heat Stress
36.66058754215196,44,Hypothermia
35.71247730834283,66,Severe Hypothermia
36.070013974290326,47,Hypothermia
36.72170409869156,89,Hypothermia
36.12476961281689,106,Hypothermia
36.30596916835914,83,Hypothermia
36.99566618085693,164,Hypothermia
36.21361516706328,97,Hypothermia
41.277357972384976,42,Moderate Heat Stress
35.561636219631495,125,Severe Hypothermia
38.67157972699178,109,Mild Heat Stress
37.87277778892763,169,Severe Tachycardia
41.87665031836025,41,Severe Heat Stress
35.784272315176366,141,Severe Hypothermia
37.78498919332019,74,Healthy
41.78629303292758,137,Severe Heat Stress
41.05854988125786,69,Moderate Heat Stress
40.71950449664496,155,Moderate Heat Stress
36.80531978931458,47,Hypothermia
36.19621311173046,83,Hypothermia
39.680502539471014,75,Moderate Heat Stress
41.5056319238931,116,Severe Heat Stress
38.89734025109751,70,Mild Heat Stress
39.0012888262893,86,Mild Heat Stress
36.95985365562199,94,Hypothermia
40.38645053234356,145,Moderate Heat Stress
36.30930623990266,160,Hypothermia
37.265754654829706,94,Severe Tachycardia
37.978055070314916,51,Possible Bacterial Infection
38.553272650791186,179,Mild Heat Stress
36.696868126905564,175,Hypothermia
35.80385777317443,42,Severe Hypothermia
39.27434029709143,69,Mild Heat Stress
37.02041387268179,62,Healthy
39.068667549958285,131,Mild Heat Stress
36.080539006919416,154,Hypothermia
38.36798071298372,143,Severe Tachycardia
38.7281260278611,157,Mild Heat Stress
35.36276475775699,44,Severe Hypothermia
37.35622994735744,143,Severe Tachycardia
35.94090273857282,147,Severe Hypothermia
35.443624793309375,104,Severe Hypothermia
41.929721626729616,160,Severe Heat Stress
37.25647691482306,69,Healthy
40.669121120982446,123,Moderate Heat Stress
36.782484583346346,71,Hypothermia
39.770519055567505,55,Moderate Heat Stress
40.32159501922781,77,Moderate Heat Stress
39.16947118425491,75,Mild Heat Stress
38.30103331985111,153,Severe Tachycardia
37.88288639903088,105,Severe Tachycardia
37.44207786580097,144,Severe Tachycardia
41.50670400973478,124,Severe Heat Stress
40.814335854514106,41,Moderate Heat Stress
41.755188374665586,114,Severe Heat Stress
35.87008056439881,106,Severe Hypothermia
40.11607232642551,94,Moderate Heat Stress
41.568383197747266,45,Severe Heat Stress
36.26863146315962,125,Hypothermia
35.46547387156744,99,Severe Hypothermia
40.187844545030416,140,Moderate Heat Stress
39.02131179225938,51,Mild Heat Stress
40.8928014373079,88,Moderate Heat Stress
35.97840663638403,81,Severe Hypothermia
40.56687118301923,121,Moderate Heat Stress
36.41139124033421,74,Hypothermia
36.14559160005993,173,Hypothermia
36.14986058551695,106,Hypothermia
40.702023041619675,119,Moderate Heat Stress
39.6563805448734,46,Moderate Heat Stress
38.66145797338383,53,Mild Heat Stress
37.51181338886452,112,Severe Tachycardia
41.14040378569176,105,Moderate Heat Stress
37.74711575195845,130,Severe Tachycardia
40.71619607630104,169,Moderate Heat Stress
38.07394435999153,59,Possible Bacterial Infection
37.638611005974354,49,Bradycardia
38.23875849968724,64,Healthy
37.10964511914899,64,Healthy
40.23326566123376,93,Moderate Heat Stress
38.51904273064736,72,Mild Heat Stress
36.62548886602772,134,Hypothermia
41.29702201292198,53,Moderate Heat Stress
37.68723854961248,104,Severe Tachycardia
38.80487002779792,149,Mild Heat Stress
41.34530477675183,119,Moderate Heat Stress
39.36966597139794,93,Mild Heat Stress
35.818286284958546,164,Severe Hypothermia
41.57882486529432,170,Severe Heat Stress
39.393956371499925,173,Mild Heat Stress
37.3443393025996,64,Healthy
35.97490450864371,156,Severe Hypothermia
40.558176324892074,175,Moderate Heat Stress
39.34050929149959,64,Mild Heat Stress
38.73422764383425,118,Mild Heat Stress
41.25724808135671,107,Moderate Heat Stress
40.52018047857172,51,Moderate Heat Stress
36.06172415812926,71,Hypothermia
37.18205447456884,167,Severe Tachycardia
36.73942397870126,135,Hypothermia
40.20762404800874,131,Moderate Heat Stress
35.23472704315046,70,Severe Hypothermia
38.989227794099214,117,Mild Heat Stress
40.337210800184835,59,Moderate Heat Stress
41.137359457332245,99,Moderate Heat Stress
37.39457224101135,173,Severe Tachycardia
40.74880113270409,132,Moderate Heat Stress
35.77442215868645,82,Severe Hypothermia
40.925166042141626,169,Moderate Heat Stress
35.89242063632388,99,Severe Hypothermia
37.78101103392257,70,Healthy
40.58106756045687,44,Moderate Heat Stress
36.04942199144141,49,Hypothermia
36.60475976662849,128,Hypothermia
40.05576797875146,169,Moderate Heat Stress
40.04025575582252,165,Moderate Heat Stress
39.48803343019708,50,Mild Heat Stress
39.8576391112697,95,Moderate Heat Stress
38.79907110343317,122,Mild Heat Stress
36.76259341234867,176,Hypothermia
37.41987195452744,138,Severe Tachycardia
36.27118401760998,112,Hypothermia
41.3591539293354,154,Moderate Heat Stress
39.08374256336285,46,Mild Heat Stress
37.805959917345476,119,Severe Tachycardia
38.23404062550893,136,Severe Tachycardia
41.6309833772827,43,Severe Heat Stress
36.07345982181256,43,Hypothermia
39.10360882411758,142,Mild Heat Stress
38.541220752191265,79,Mild Heat Stress
39.280179648042534,56,Mild Heat Stress
35.126771286745885,140,Severe Hypothermia
41.10486736260906,142,Moderate Heat Stress
41.524827977385286,163,Severe Heat Stress
38.95593228512446,91,Mild Heat Stress
39.87655576713824,91,Moderate Heat Stress
41.457495668241066,163,Moderate Heat Stress
39.95067044019379,102,Moderate Heat Stress
36.06777330039983,155,Hypothermia
39.034018521167695,101,Mild Heat Stress
39.24700532467999,46,Mild Heat Stress
37.9689146991167,131,Severe Tachycardia
40.15510964937306,53,Moderate Heat Stress
41.540569103383106,125,Severe Heat Stress
41.478979590347436,172,Moderate Heat Stress
38.155875599828924,169,Severe Tachycardia
35.79266632088529,101,Severe Hypothermia
41.89388839273634,118,Severe Heat Stress
40.87228660512154,177,Moderate Heat Stress
35.87263876842287,97,Severe Hypothermia
41.445893178321604,159,Moderate Heat Stress
41.0892745344349,172,Moderate Heat Stress
38.631866399882504,104,Mild Heat Stress
39.1389280502145,52,Mild Heat Stress
37.79301892709091,121,Severe Tachycardia
35.38333147175422,178,Severe Hypothermia
37.346380691521304,91,Severe Tachycardia
40.61997414018608,156,Moderate Heat Stress
35.03242416103222,65,Severe Hypothermia
37.33449420183801,73,Healthy
37.787180855136604,91,Severe Tachycardia
38.76176922056546,151,Mild Heat Stress
41.43898931488933,121,Moderate Heat Stress
37.42442196056173,81,Possible Bacterial Infection
37.428672413273596,60,Healthy
40.16250873676824,81,Moderate Heat Stress
38.165525586228654,152,Severe Tachycardia
36.57223376057988,144,Hypothermia
38.16707661292885,56,Possible Bacterial Infection
35.9859991426586,159,Severe Hypothermia
36.23470890554356,176,Hypothermia
38.48857440917636,168,Severe Tachycardia
37.932478146531835,169,Severe Tachycardia
41.4039213074767,99,Moderate Heat Stress
37.53675729381643,87,Severe Tachycardia
39.06411845194631,68,Mild Heat Stress
39.425850015436716,136,Mild Heat Stress
35.09166119611834,49,Severe Hypothermia
39.64476160411697,97,Moderate Heat Stress
36.24625176808826,60,Hypothermia
41.72749222228619,67,Severe Heat Stress
36.04063909427179,73,Hypothermia
37.90236886608917,47,Bradycardia
35.59744767655051,118,Severe Hypothermia
41.97811976292163,126,Severe Heat Stress
38.5153650723187,127,Mild Heat Stress
39.16769512124031,108,Mild Heat Stress
35.469535341718995,126,Severe Hypothermia
40.24972329279424,140,Moderate Heat Stress
36.469339151669104,47,Hypothermia
41.286380026085,116,Moderate Heat Stress
36.43597748337405,126,Hypothermia
36.33481404464567,82,Hypothermia
35.25584767493667,168,Severe Hypothermia
38.30446861576999,148,Severe Tachycardia
38.95388793283831,56,Mild Heat Stress
35.459960475998464,172,Severe Hypothermia
40.42869331686507,60,Moderate Heat Stress
38.17302184323619,97,Severe Tachycardia
38.67073188529306,149,Mild Heat Stress
38.0853392285676,178,Severe Tachycardia
37.805341426127285,174,Severe Tachycardia
38.91748231915753,67,Mild Heat Stress
36.086681721514985,90,Hypothermia
36.2734969134669,44,Hypothermia
41.03249934709462,44,Moderate Heat Stress
41.62280823493543,133,Severe Heat Stress
37.61316521395827,135,Severe Tachycardia
36.89521271200488,47,Hypothermia
39.50799680267311,103,Moderate Heat Stress
37.861139197686676,177,Severe Tachycardia
35.177704489622414,77,Severe Hypothermia
36.09306818156333,150,Hypothermia
40.01180560193178,151,Moderate Heat Stress
39.61246759337106,120,Moderate Heat Stress
35.18967194752438,175,Severe Hypothermia
36.553805133530645,143,Hypothermia
36.6175235761165,112,Hypothermia
39.7032492051911,88,Moderate Heat Stress
35.13797376428055,75,Severe Hypothermia
35.72876007389202,165,Severe Hypothermia
40.59941259761233,107,Moderate Heat Stress
36.24981263438033,117,Hypothermia
39.56922275496312,144,Moderate Heat Stress
36.667279467327084,161,Hypothermia
35.69608974931542,158,Severe Hypothermia
36.70220533699618,153,Hypothermia
40.05586852298961,49,Moderate Heat Stress
40.989875276744,179,Moderate Heat Stress
40.81153905196894,130,Moderate Heat Stress
37.78028470732919,41,Bradycardia
39.67659595599452,157,Moderate Heat Stress
36.43489006791075,52,Hypothermia
37.05203411182709,134,Severe Tachycardia
41.274350729647836,71,Moderate Heat Stress
35.091013464575155,71,Severe Hypothermia
35.598559715981274,163,Severe Hypothermia
36.45520378602219,50,Hypothermia
35.185725427116736,49,Severe Hypothermia
36.270048045628585,54,Hypothermia
39.081290926787844,56,Mild Heat Stress
37.949971854147485,98,Severe Tachycardia
41.24870197753882,117,Moderate Heat Stress
40.72210493216909,163,Moderate Heat Stress
37.39272146188513,153,Severe Tachycardia
36.815964034019046,61,Hypothermia
37.65784685717087,71,Healthy
39.13206459760365,152,Mild Heat Stress
36.87644548576014,159,Hypothermia
39.369042354943936,161,Mild Heat Stress
37.86588156533868,71,Healthy
38.86433026596386,158,Mild Heat Stress
38.05288570394722,78,Healthy
37.06126031679342,51,Possible Bacterial Infection
41.6391731487351,57,Severe Heat Stress
40.345240559118324,165,Moderate Heat Stress
35.98079223036517,175,Severe Hypothermia
41.079275831285386,85,Moderate Heat Stress
38.4120183877466,143,Severe Tachycardia
41.261865588258644,174,Moderate Heat Stress
40.598986791631205,125,Moderate Heat Stress
37.97649453128464,128,Severe Tachycardia
35.157285158240825,61,Severe Hypothermia
36.88074151569462,131,Hypothermia
38.79143950262607,68,Mild Heat Stress
39.43434753878303,52,Mild Heat Stress
36.80521379803242,41,Hypothermia
35.97549251850977,68,Severe Hypothermia
40.84451165759509,66,Moderate Heat Stress
41.89081526492487,89,Severe Heat Stress
38.679831276118804,134,Mild Heat Stress
36.20175500093812,127,Hypothermia
36.90615128563558,83,Hypothermia
35.12873473583227,61,Severe Hypothermia
41.400091645923496,136,Moderate Heat Stress
35.82425758023099,42,Severe Hypothermia
39.035615328599775,157,Mild Heat Stress
36.918386544810446,58,Hypothermia
38.879246017610555,62,Mild Heat Stress
39.55994271846305,69,Moderate Heat Stress
40.80819262595041,78,Moderate Heat Stress
36.44494890232422,147,Hypothermia
35.07697080060937,150,Severe Hypothermia
35.958199410481654,64,Severe Hypothermia
41.30013049293674,167,Moderate Heat Stress
41.117230542937605,150,Moderate Heat Stress
39.18189171519216,175,Mild Heat Stress
39.203618023035574,145,Mild Heat Stress
39.65525672182379,111,Moderate Heat Stress
36.22759895036415,168,Hypothermia
41.40088362147472,147,Moderate Heat Stress
37.93139367424451,44,Bradycardia
37.68196969774648,42,Bradycardia
38.63242393697986,171,Mild Heat Stress
35.328761767425384,143,Severe Hypothermia
36.163983581292555,103,Hypothermia
40.16623531498459,145,Moderate Heat Stress
35.579590675475885,137,Severe Hypothermia
39.222064766264715,49,Mild Heat Stress
36.71744376776925,167,Hypothermia
37.72506929829384,85,Possible Viral Infection
37.0208561573949,105,Severe Tachycardia
37.48970901525465,151,Severe Tachycardia
40.03332133628972,52,Moderate Heat Stress
37.07985200936223,176,Severe Tachycardia
38.96483248207828,125,Mild Heat Stress
38.3323528153937,129,Severe Tachycardia
39.64569815753854,97,Moderate Heat Stress
41.55780817527331,93,Severe Heat Stress
40.128004680471754,51,Moderate Heat Stress
36.5045826501353,53,Hypothermia
35.21828194542899,160,Severe Hypothermia
36.835848310098775,160,Hypothermia
39.16554551490179,59,Mild Heat Stress
35.359980694389755,114,Severe Hypothermia
38.474563730408654,109,Severe Tachycardia
39.17789994241822,95,Mild Heat Stress
37.33970723571873,140,Severe Tachycardia
40.39638542622075,171,Moderate Heat Stress
35.746187771936405,150,Severe Hypothermia
35.52596447215066,164,Severe Hypothermia
40.097321293425225,171,Moderate Heat Stress
38.46843921344339,59,Possible Viral Infection
39.818816774994154,177,Moderate Heat Stress
38.043791370226224,63,Healthy
36.72481423267375,76,Hypothermia
40.7337162237194,93,Moderate Heat Stress
40.595911152782854,142,Moderate Heat Stress
39.862875295980984,77,Moderate Heat Stress
36.90501596060974,43,Hypothermia
39.13161466808361,96,Mild Heat Stress
37.52681727858019,59,Possible Bacterial Infection
35.64107451328644,56,Severe Hypothermia
41.4211950282357,158,Moderate Heat Stress
35.95773041643273,110,Severe Hypothermia
41.651661476745616,43,Severe Heat Stress
38.122040410705694,53,Possible Bacterial Infection
